date,close,close_pred
2019-03-16,0.02313,0.023304169229381635
2019-03-17,0.0229,0.02286785573909014
2019-03-18,0.02278,0.022810758238993728
2019-03-19,0.02275,0.02264940857750009
2019-03-20,0.02279,0.022671465831085515
2019-03-21,0.02217,0.02222121619429471
2019-03-22,0.02251,0.022499731140953518
2019-03-23,0.02428,0.023739772258710885
2019-03-24,0.02324,0.023364872681009747
2019-03-25,0.02256,0.022525522063063932
2019-03-26,0.0224,0.022227597084934655
2019-03-27,0.0233,0.023045837115456973
2019-03-28,0.02315,0.023013186692169025
2019-03-29,0.0233,0.023513342824596297
2019-03-30,0.02322,0.023161603139287053
2019-03-31,0.02344,0.02337159338955855
2019-04-01,0.02433,0.024333864626991716
2019-04-02,0.02671,0.02608273728106445
2019-04-03,0.02595,0.02679111661614162
2019-04-04,0.02582,0.025793455724769185
2019-04-05,0.02699,0.02694636363848087
2019-04-06,0.02668,0.02675296829935626
2019-04-07,0.02889,0.02846216829352571
2019-04-08,0.03033,0.02948848180801662
2019-04-09,0.0296,0.029690288185936244
2019-04-10,0.02997,0.03033734558284174
2019-04-11,0.02641,0.026562911257123924
2019-04-12,0.02628,0.025913479367571043
2019-04-13,0.02604,0.02627663526929359
2019-04-14,0.02686,0.02658376857479713
2019-04-15,0.02622,0.026527574874688844
2019-04-16,0.02666,0.02644727787553238
2019-04-17,0.02649,0.02654616501130416
2019-04-18,0.02672,0.02695379967159699
2019-04-19,0.02625,0.02613663020206919
2019-04-20,0.02582,0.025891135801029527
2019-04-21,0.02476,0.024785369519970003
2019-04-22,0.02492,0.02488773375307796
2019-04-23,0.02408,0.024531012863428184
2019-04-24,0.02325,0.023085375900161614
2019-04-25,0.02306,0.024084117237136767
2019-04-26,0.02382,0.023363130511550357
2019-04-27,0.02348,0.02340577579247066
2019-04-28,0.02334,0.023417621170078076
2019-04-29,0.02243,0.02235700292000904
2019-04-30,0.02349,0.023166768667681262
2019-05-01,0.02348,0.023405494109671052
2019-05-02,0.02339,0.023324712012565172
2019-05-03,0.02381,0.02359695894160618
2019-05-04,0.023,0.023429792138103277
2019-05-05,0.02319,0.023158008401081526
2019-05-06,0.02379,0.023531571620404056
2019-05-07,0.02385,0.024126476300858835
2019-05-08,0.02453,0.024559639674590097
2019-05-09,0.02319,0.023517093864652814
2019-05-10,0.0236,0.02292129831710069
2019-05-11,0.02479,0.025257134812986463
2019-05-12,0.02376,0.024117732069257495
2019-05-13,0.02433,0.024827202021819168
2019-05-14,0.02727,0.02638909946293608
2019-05-15,0.0309,0.029894270207351553
2019-05-16,0.0285,0.02965247347910636
2019-05-17,0.027,0.026075542825583126
2019-05-18,0.02644,0.02696098924376592
2019-05-19,0.02825,0.028027988863264224
2019-05-20,0.02782,0.02690998058811231
2019-05-21,0.0283,0.028857385566778995
2019-05-22,0.02655,0.027191369023652545
2019-05-23,0.02696,0.02646870050400282
2019-05-24,0.02761,0.02765301092215543
2019-05-25,0.0276,0.028315467767054018
2019-05-26,0.0307,0.029964218736255214
2019-05-27,0.03497,0.034565098138832115
2019-05-28,0.03471,0.03458597275450452
2019-05-29,0.03365,0.03287546623948162
2019-05-30,0.03102,0.03219321277300348
2019-05-31,0.03307,0.03194543336029239
2019-06-01,0.03746,0.03667039085483387
2019-06-02,0.03822,0.03935942913460325
2019-06-03,0.03375,0.03571430686203382
2019-06-04,0.03505,0.033792938141114656
2019-06-05,0.03396,0.033954772846732706
2019-06-06,0.03259,0.03184312782494873
2019-06-07,0.03348,0.0336697546007174
2019-06-08,0.03202,0.03242873903993618
2019-06-09,0.02963,0.03008189396593252
2019-06-10,0.03154,0.030602377594654433
2019-06-11,0.03108,0.030459930673478085
2019-06-12,0.03349,0.03255412060447162
2019-06-13,0.03255,0.03289884452868519
2019-06-14,0.03184,0.031342693831882554
2019-06-15,0.03264,0.032576732250616885
2019-06-16,0.03281,0.03320249788008568
2019-06-17,0.03383,0.033591711117782794
2019-06-18,0.03309,0.03283181058144713
2019-06-19,0.03324,0.03347264730748223
2019-06-20,0.03263,0.032898653812977574
2019-06-21,0.03306,0.033509375464329055
2019-06-22,0.03748,0.03607672497060385
2019-06-23,0.03757,0.037675805200619625
2019-06-24,0.03852,0.03820910577349863
2019-06-25,0.03848,0.03922482770016092
2019-06-26,0.03677,0.03672622577173569
2019-06-27,0.03266,0.03286747465689607
2019-06-28,0.03379,0.03324044602933472
2019-06-29,0.03498,0.033988495550579784
2019-06-30,0.032,0.033202618144273305
2019-07-01,0.03265,0.032264102434158934
2019-07-02,0.03191,0.031377998581177347
2019-07-03,0.03276,0.032457932943100135
2019-07-04,0.03133,0.03168637540882001
2019-07-05,0.03189,0.03179053598664519
2019-07-06,0.03214,0.03256111888638573
2019-07-07,0.03464,0.03422116694501487
2019-07-08,0.03386,0.03429602737175649
2019-07-09,0.03421,0.0344875763960982
2019-07-10,0.03208,0.032196256408195525
2019-07-11,0.02792,0.02834735945917133
2019-07-12,0.02942,0.028914515473893815
2019-07-13,0.02838,0.028184331538501462
2019-07-14,0.02516,0.026495181172172578
2019-07-15,0.02522,0.02453253854715625
2019-07-16,0.02095,0.022116450055001586
2019-07-17,0.02278,0.02238715518145043
2019-07-18,0.02559,0.02449699779606967
2019-07-19,0.02806,0.026570448058074524
2019-07-20,0.02899,0.029402343137602465
2019-07-21,0.02916,0.028159080643769086
2019-07-22,0.02661,0.027510712287369378
2019-07-23,0.02421,0.023412830194840643
2019-07-24,0.02374,0.023411110747122373
2019-07-25,0.02297,0.023466843070533875
2019-07-26,0.02311,0.022813282607720472
2019-07-27,0.02196,0.022455290036038182
2019-07-28,0.02233,0.022006320342081345
2019-07-29,0.02201,0.02220402746354341
2019-07-30,0.02207,0.02202682819068607
2019-07-31,0.0224,0.022486665770943878
2019-08-01,0.02211,0.02207057228825214
2019-08-02,0.02172,0.02170936832085989
2019-08-03,0.02183,0.02178888479838076
2019-08-04,0.02229,0.02213279856684146
2019-08-05,0.0229,0.022889700754069264
2019-08-06,0.02173,0.021985641293829475
2019-08-07,0.02163,0.021857225553745873
2019-08-08,0.02196,0.022105911451403545
2019-08-09,0.01982,0.020130073150183708
2019-08-10,0.02047,0.019995111436085535
2019-08-11,0.02071,0.02054943344461852
2019-08-12,0.0207,0.020761651153814554
2019-08-13,0.0205,0.020303267381288976
2019-08-14,0.01778,0.018354049452436454
2019-08-15,0.01753,0.017389155871050548
2019-08-16,0.01688,0.016817027686667072
2019-08-17,0.01691,0.017116410390447145
2019-08-18,0.01777,0.017653065111516243
2019-08-19,0.01797,0.01798464549382824
2019-08-20,0.01756,0.017490632189585884
2019-08-21,0.0168,0.01668820721887992
2019-08-22,0.01734,0.017453247459761068
2019-08-23,0.018,0.017974301557974064
2019-08-24,0.01774,0.017645000557665488
2019-08-25,0.01744,0.017868439711957933
2019-08-26,0.01768,0.017781729415143124
2019-08-27,0.01762,0.017424876274101445
2019-08-28,0.01599,0.015974847912422322
2019-08-29,0.01547,0.015297359926539354
2019-08-30,0.01555,0.01542208944060325
2019-08-31,0.01548,0.015283917372239504
2019-09-01,0.0155,0.015491615253791776
2019-09-02,0.01589,0.015689888130722734
2019-09-03,0.01588,0.015903431834899853
2019-09-04,0.01553,0.015552654180445876
2019-09-05,0.01498,0.014586431398398242
2019-09-06,0.01416,0.01424206279447759
2019-09-07,0.01536,0.015093262899465122
2019-09-08,0.01576,0.015691424315539052
2019-09-09,0.01564,0.015503417627534669
2019-09-10,0.01561,0.015751524932590532
2019-09-11,0.01492,0.015078648453681235
2019-09-12,0.01483,0.014565342333873434
2019-09-13,0.01551,0.015182014090864006
2019-09-14,0.01577,0.015504680719559284
2019-09-15,0.01552,0.015580795606384767
2019-09-16,0.01565,0.015496031085694893
2019-09-17,0.01668,0.016784370638276584
2019-09-18,0.0179,0.017867157103872846
2019-09-19,0.01756,0.016825612410736785
2019-09-20,0.0174,0.017158271614844744
2019-09-21,0.01812,0.01801741303726336
2019-09-22,0.01681,0.016882759880898872
2019-09-23,0.01596,0.016272536026939004
2019-09-24,0.01255,0.012621607071515717
2019-09-25,0.01316,0.012928331368073006
2019-09-26,0.01275,0.012548827441115087
2019-09-27,0.01361,0.013322001530457409
2019-09-28,0.01357,0.01338601087977456
2019-09-29,0.01327,0.012982692398527087
2019-09-30,0.01453,0.014046715149883374
2019-10-01,0.01394,0.014141712973692083
2019-10-02,0.01438,0.014020395647169684
2019-10-03,0.01428,0.014048344254804881
2019-10-04,0.01454,0.014321826211734983
2019-10-05,0.01508,0.014723571758264845
2019-10-06,0.0145,0.014771781562041845
2019-10-07,0.01622,0.015619963706103177
2019-10-08,0.01692,0.016497192837589
2019-10-09,0.0169,0.01697148902867688
2019-10-10,0.01623,0.016275097049809173
2019-10-11,0.01582,0.016031973051689935
2019-10-12,0.01566,0.015846384113353384
2019-10-13,0.01606,0.01603917069314458
2019-10-14,0.01667,0.016407087204042044
2019-10-15,0.01566,0.015837708942913874
2019-10-16,0.01518,0.01491528829778371
2019-10-17,0.01536,0.014818242655122622
2019-10-18,0.01536,0.014909355659434029
2019-10-19,0.01548,0.015445245223560854
2019-10-20,0.0155,0.015195634140707086
2019-10-21,0.0155,0.015479351599109969
2019-10-22,0.01512,0.015250827148978473
2019-10-23,0.01435,0.014047781314169994
2019-10-24,0.01516,0.014863594292778656
2019-10-25,0.01764,0.016612781323943
2019-10-26,0.01659,0.01668394998293961
2019-10-27,0.0191,0.018281613125083758
2019-10-28,0.01998,0.021031140048381695
2019-10-29,0.02194,0.021573211430881523
2019-10-30,0.01995,0.020987673949145254
2019-10-31,0.01974,0.01966516469309366
2019-11-01,0.01962,0.019592308357209803
2019-11-02,0.01988,0.019978984197531514
2019-11-03,0.01964,0.019565579646218963
2019-11-04,0.0198,0.019107109441000015
2019-11-05,0.01975,0.019616352479704346
2019-11-06,0.02013,0.020294747758529685
2019-11-07,0.01951,0.01929630786575536
2019-11-08,0.01876,0.018847422980685147
2019-11-09,0.01894,0.018976984076166152
2019-11-10,0.01934,0.019486381367950407
2019-11-11,0.01909,0.018884419600167183
2019-11-12,0.01968,0.01949847602133902
2019-11-13,0.02012,0.019740274024477176
2019-11-14,0.01941,0.019320880706543902
2019-11-15,0.01858,0.018706640015143414
2019-11-16,0.01866,0.01865491765872924
2019-11-17,0.01874,0.018560604567791922
2019-11-18,0.01715,0.017246988775418474
2019-11-19,0.01695,0.016591033763467686
2019-11-20,0.01655,0.01663024056610059
2019-11-21,0.01539,0.015126186882441951
2019-11-22,0.01439,0.01389586815789744
2019-11-23,0.01503,0.014456392945047082
2019-11-24,0.0137,0.014026822589956738
2019-11-25,0.01418,0.013784543502545593
2019-11-26,0.01528,0.01483755895849212
2019-11-27,0.01607,0.01531511207671488
2019-11-28,0.0158,0.01586404734520799
2019-11-29,0.01614,0.016093529483311858
2019-11-30,0.01548,0.015519453611723102
2019-12-01,0.01591,0.01551928671302599
2019-12-02,0.01521,0.015374428158454325
2019-12-03,0.01519,0.015362909570107119
2019-12-04,0.01426,0.014315880969700968
2019-12-05,0.01449,0.014440584330709695
2019-12-06,0.01468,0.014510082079762694
2019-12-07,0.01448,0.014617473665116173
2019-12-08,0.01461,0.014488904479948436
2019-12-09,0.01438,0.014359031014214037
2019-12-10,0.01412,0.014066960735991105
2019-12-11,0.01416,0.014085208814410752
2019-12-12,0.01377,0.013531591204392509
2019-12-13,0.01407,0.013959237593530209
2019-12-14,0.01383,0.014278669392536494
2019-12-15,0.01395,0.013971150216976976
2019-12-16,0.0134,0.01329202066017889
2019-12-17,0.01245,0.01246916124491292
2019-12-18,0.01336,0.012884431393620265
2019-12-19,0.01297,0.012880063237671015
2019-12-20,0.01336,0.013167154222633756
2019-12-21,0.01352,0.013329920750442602
2019-12-22,0.01489,0.014403097941188901
2019-12-23,0.01378,0.014184709668878883
2019-12-24,0.01354,0.013309170209226362
2019-12-25,0.01321,0.013142347470757341
2019-12-26,0.01335,0.013556194116154784
2019-12-27,0.01323,0.013109421810148753
2019-12-28,0.01348,0.013515561474167312
2019-12-29,0.0137,0.013595162664816932
2019-12-30,0.0133,0.013482150715609304
2019-12-31,0.0133,0.013279139231191447
2020-01-01,0.01322,0.013240534646655124
2020-01-02,0.01284,0.01287863739831644
2020-01-03,0.01344,0.013139222986530093
2020-01-04,0.01344,0.013299924611228624
2020-01-05,0.01353,0.013675630480589066
2020-01-06,0.01472,0.014226758943732975
2020-01-07,0.01434,0.014292334973804499
2020-01-08,0.01402,0.014124933738491535
2020-01-09,0.01398,0.013864837686868052
2020-01-10,0.01469,0.014262564155670497
2020-01-11,0.0146,0.014760681250769028
2020-01-12,0.01503,0.014760544752252112
2020-01-13,0.01464,0.014694039331792322
2020-01-14,0.01677,0.016229060637348896
2020-01-15,0.01729,0.017194640341964353
2020-01-16,0.01734,0.01649412280400104
2020-01-17,0.01758,0.017544026804368975
2020-01-18,0.01766,0.017688036009591793
2020-01-19,0.01665,0.01672775455165961
2020-01-20,0.01661,0.01633441532990257
2020-01-21,0.01732,0.017020175244637527
2020-01-22,0.01743,0.01727128356405237
2020-01-23,0.01628,0.01634452998482536
2020-01-24,0.01639,0.016040135060044505
2020-01-25,0.01613,0.016073972685684803
2020-01-26,0.01684,0.016525106606403255
2020-01-27,0.01713,0.017068582018085376
2020-01-28,0.0186,0.01829692929223911
2020-01-29,0.01866,0.01928598531510915
2020-01-30,0.0195,0.018786941027976307
2020-01-31,0.01867,0.01872072163319901
2020-02-01,0.01907,0.018756881698532266
2020-02-02,0.01909,0.019202453815470154
2020-02-03,0.0192,0.019333124557891632
2020-02-04,0.01925,0.01885238681349415
2020-02-05,0.02076,0.020246195800799154
2020-02-06,0.02271,0.0218408847400524
2020-02-07,0.02204,0.022394346610874694
2020-02-08,0.02179,0.021053490144267887
2020-02-09,0.02206,0.02207619284362202
2020-02-10,0.02216,0.02148402477050029
2020-02-11,0.02272,0.022211214603909804
2020-02-12,0.02393,0.02376947148812265
2020-02-13,0.02391,0.023982961878862726
2020-02-14,0.02639,0.02570975294161734
2020-02-15,0.02364,0.02391957702471162
2020-02-16,0.02223,0.02178053359455229
2020-02-17,0.02179,0.020839138279283968
2020-02-18,0.02262,0.021584298851196414
2020-02-19,0.0202,0.02053590974619469
2020-02-20,0.0198,0.019446182559246378
2020-02-21,0.02016,0.020185865424026953
2020-02-22,0.02002,0.019903090426593835
2020-02-23,0.02133,0.020923217354864534
2020-02-24,0.01988,0.019776649663972936
2020-02-25,0.01891,0.019084441092036494
2020-02-26,0.01636,0.016643404581641295
2020-02-27,0.01701,0.016733145018102316
2020-02-28,0.0171,0.01656786939050218
2020-02-29,0.01648,0.01683147093280382
2020-03-01,0.01643,0.016610230844093937
2020-03-02,0.01759,0.017286156067141092
2020-03-03,0.01723,0.017085391653466113
2020-03-04,0.01774,0.01744625103510229
2020-03-05,0.01789,0.01812586177193123
2020-03-06,0.01833,0.0181901918480611
2020-03-07,0.01699,0.01695825952097912
2020-03-08,0.01465,0.015097233144329106
2020-03-09,0.01504,0.014601203961355603
2020-03-10,0.01508,0.014917760264642237
2020-03-11,0.01489,0.014479993062376382
2020-03-12,0.00841,0.009818222437173304
2020-03-13,0.01029,0.008734203490955682
2020-03-14,0.00973,0.009855160462464072
2020-03-15,0.01026,0.01043589485188309
2020-03-16,0.00961,0.008963735258026616
2020-03-17,0.01002,0.00990814973306356
2020-03-18,0.01022,0.009797302244066136
2020-03-19,0.01163,0.011282146488754943
2020-03-20,0.01127,0.011251923213138516
2020-03-21,0.01123,0.01100085560347638
2020-03-22,0.0103,0.01063380380662108
2020-03-23,0.01137,0.010847496900273045
2020-03-24,0.01151,0.011357676145983917
2020-03-25,0.01139,0.011291422103901405
2020-03-26,0.01196,0.011645280813753787
2020-03-27,0.01121,0.011261497649167533
2020-03-28,0.01139,0.010984745927969632
2020-03-29,0.01066,0.010837449820396059
2020-03-30,0.01145,0.011315864891651997
2020-03-31,0.01157,0.01152951693445264
2020-04-01,0.01158,0.011247968374900712
2020-04-02,0.01196,0.012098468849220702
2020-04-03,0.01194,0.011918925230740247
2020-04-04,0.01197,0.011923601031028543
2020-04-05,0.01257,0.012363459385217756
2020-04-06,0.01375,0.013319167414795535
2020-04-07,0.0133,0.013456611596840489
2020-04-08,0.01376,0.013523067047234598
2020-04-09,0.01345,0.013366035900830985
2020-04-10,0.01248,0.01240277070431349
2020-04-11,0.0125,0.01252173214268015
2020-04-12,0.01266,0.012778324518947958
2020-04-13,0.01257,0.012172599107423878
2020-04-14,0.01245,0.012549043693397823
2020-04-15,0.01219,0.012286098586383461
2020-04-16,0.01302,0.01252843184905245
2020-04-17,0.01289,0.0128297885307837
2020-04-18,0.01339,0.0132391046559334
2020-04-19,0.0129,0.012921488813462684
2020-04-20,0.0124,0.012537202754431154
2020-04-21,0.01249,0.012516564469757012
2020-04-22,0.01298,0.012817717694405591
2020-04-23,0.01361,0.013377599691396663
2020-04-24,0.01392,0.014016449973486982
2020-04-25,0.01396,0.013665826284839323
2020-04-26,0.01426,0.014062700876732524
2020-04-27,0.01452,0.014390996650805584
2020-04-28,0.01528,0.014868852932793783
2020-04-29,0.01624,0.015902790626615173
2020-04-30,0.01519,0.015573602499328744
2020-05-01,0.01581,0.015916193903453328
2020-05-02,0.01635,0.016082546387944072
2020-05-03,0.01599,0.01590964190892412
2020-05-04,0.01623,0.015598066809978023
2020-05-05,0.0159,0.016087868026673533
2020-05-06,0.01554,0.015821642367029518
2020-05-07,0.01603,0.015825813266034324
2020-05-08,0.01627,0.016236394723495442
2020-05-09,0.01609,0.01631224529905286
2020-05-10,0.01426,0.013685921527970525
2020-05-11,0.01398,0.013612865174133227
2020-05-12,0.01455,0.014561986041154395
2020-05-13,0.01501,0.015030895779475998
2020-05-14,0.01527,0.015052755871874848
2020-05-15,0.01488,0.014792083755209955
2020-05-16,0.01497,0.014955025634033092
2020-05-17,0.015,0.0150571173908294
2020-05-18,0.01537,0.015347415332861342
2020-05-19,0.01553,0.015284833871669831
2020-05-20,0.015,0.014842395211998559
2020-05-21,0.01421,0.014182549360035827
2020-05-22,0.01484,0.014644057287582196
2020-05-23,0.01496,0.015372380393426964
2020-05-24,0.01421,0.014591072359865597
2020-05-25,0.01472,0.014427436679373833
2020-05-26,0.01458,0.014371964228589645
2020-05-27,0.0147,0.014723968225166945
2020-05-28,0.01514,0.014867931994722704
2020-05-29,0.015,0.015099481276223691
2020-05-30,0.01638,0.015833776064431242
2020-05-31,0.01582,0.01618022493615553
2020-06-01,0.01707,0.01658275673756204
2020-06-02,0.01637,0.016214767056068443
2020-06-03,0.01691,0.01643803468150729
2020-06-04,0.01687,0.01668821356860102
2020-06-05,0.01685,0.01704153912151865
2020-06-06,0.01704,0.016796025342109236
2020-06-07,0.0182,0.01763886436647527
2020-06-08,0.01794,0.018142831722839394
2020-06-09,0.01754,0.017672567733885456
2020-06-10,0.0176,0.01730570856381812
2020-06-11,0.01573,0.01584801440930215
2020-06-12,0.01644,0.016254250773653743
2020-06-13,0.01668,0.016390784805989468
2020-06-14,0.01616,0.016189758279400373
2020-06-15,0.01606,0.015327328001617804
2020-06-16,0.01613,0.016135100243386217
2020-06-17,0.01621,0.01612981353923557
2020-06-18,0.01602,0.015917125576061248
2020-06-19,0.01586,0.015848115356760204
2020-06-20,0.01597,0.015771166251830608
2020-06-21,0.01582,0.015859978105899154
2020-06-22,0.01638,0.016200780227265534
2020-06-23,0.0165,0.01651289707315428
2020-06-24,0.01593,0.016012931943708227
2020-06-25,0.0159,0.015630615190538533
2020-06-26,0.01585,0.015808886743955006
2020-06-27,0.01544,0.015164561378051096
2020-06-28,0.01577,0.01566874728080977
2020-06-29,0.01619,0.01613548377739753
2020-06-30,0.01636,0.016437752807191952
2020-07-01,0.01686,0.016637178334927918
2020-07-02,0.01658,0.016584225909987593
2020-07-03,0.01662,0.016707596830536266
2020-07-04,0.01682,0.016784979248027118
2020-07-05,0.01688,0.0165649397733497
2020-07-06,0.01802,0.017706089125178806
2020-07-07,0.0172,0.01743527027577917
2020-07-08,0.01791,0.017518565624043494
2020-07-09,0.01856,0.018431088674529392
2020-07-10,0.01812,0.01810994090105175
2020-07-11,0.01837,0.018609323286528846
2020-07-12,0.01818,0.01814416206070336
2020-07-13,0.01756,0.017444944843455285
2020-07-14,0.01765,0.01735066597485885
2020-07-15,0.01757,0.017590797548627014
2020-07-16,0.01716,0.0169060128849117
2020-07-17,0.01717,0.017191463497801745
2020-07-18,0.01742,0.01722773018219392
2020-07-19,0.01753,0.017352243252459345
2020-07-20,0.01716,0.017106651534606596
2020-07-21,0.01762,0.01751109670511963
2020-07-22,0.01794,0.017647489991813422
2020-07-23,0.01792,0.017890943210995408
2020-07-24,0.01794,0.01782027343276765
2020-07-25,0.01877,0.018493108818892764
2020-07-26,0.01852,0.018786275619649656
2020-07-27,0.01872,0.01823656450161029
2020-07-28,0.01912,0.01883250924712153
2020-07-29,0.01915,0.01954502383438677
2020-07-30,0.01917,0.018968319502572755
2020-07-31,0.01968,0.01942387784520223
2020-08-01,0.02046,0.02019799701883259
2020-08-02,0.01907,0.018854966207407387
2020-08-03,0.01987,0.019543128028327514
2020-08-04,0.02039,0.020419557547081586
2020-08-05,0.02031,0.0203543370288187
2020-08-06,0.02022,0.020217523458212306
2020-08-07,0.01988,0.019794366783811777
2020-08-08,0.02046,0.020190987565525165
2020-08-09,0.02045,0.020349132510236404
2020-08-10,0.02146,0.02132656198916718
2020-08-11,0.0201,0.020003861147772
2020-08-12,0.02019,0.019514733312930993
2020-08-13,0.02238,0.02146633796697593
2020-08-14,0.02471,0.024581632072205855
2020-08-15,0.02526,0.024618895476691348
2020-08-16,0.02824,0.02646875305545392
2020-08-17,0.03036,0.029234552401588555
2020-08-18,0.02875,0.030069857830684638
2020-08-19,0.02648,0.02655668996977349
2020-08-20,0.02746,0.02737680529078307
2020-08-21,0.02425,0.02516626105026518
2020-08-22,0.02512,0.024431415170936298
2020-08-23,0.02435,0.02420707679298719
2020-08-24,0.0251,0.024943661422353564
2020-08-25,0.02299,0.023254118973938323
2020-08-26,0.02369,0.023463969677410306
2020-08-27,0.02307,0.023022764230305647
2020-08-28,0.02392,0.02361459621192134
2020-08-29,0.02491,0.024672135934152375
2020-08-30,0.02696,0.02703328641924273
2020-08-31,0.02917,0.02797836271389421
2020-09-01,0.03466,0.032729136762879085
2020-09-02,0.03449,0.034609059859331756
2020-09-03,0.03996,0.043907949235575464
2020-09-04,0.03552,0.0368475194230153
2020-09-05,0.02988,0.030239012057936523
2020-09-06,0.03142,0.03029469667127648
2020-09-07,0.03249,0.02999407674125337
2020-09-08,0.03518,0.03385629707565918
2020-09-09,0.03397,0.034630338065505445
2020-09-10,0.03299,0.03380444079022134
2020-09-11,0.0335,0.03293302932146697
2020-09-12,0.03272,0.032634231081220474
2020-09-13,0.03065,0.030475594624254986
2020-09-14,0.03039,0.030835137895518273
2020-09-15,0.02788,0.028427440692649564
2020-09-16,0.02639,0.02797527955589973
2020-09-17,0.02813,0.027759748174817713
2020-09-18,0.02905,0.029076352569381552
2020-09-19,0.02768,0.02821037756539198
2020-09-20,0.02694,0.026890700705437653
2020-09-21,0.0249,0.025645291176750618
2020-09-22,0.02499,0.02508887305693133
2020-09-23,0.02486,0.025514307543353553
2020-09-24,0.02625,0.025587187600490044
2020-09-25,0.02714,0.026522864331337468
2020-09-26,0.02718,0.028244065526175994
2020-09-27,0.02659,0.02663042715827094
2020-09-28,0.02625,0.026723032727054088
2020-09-29,0.0263,0.025921619469995456
2020-09-30,0.02621,0.02614772373865658
2020-10-01,0.02581,0.025781291722945136
2020-10-02,0.0259,0.024761457553109496
2020-10-03,0.02719,0.027507376763378253
2020-10-04,0.02644,0.026440635009669047
2020-10-05,0.02643,0.02642223053364054
2020-10-06,0.02556,0.025778210571788866
2020-10-07,0.02551,0.025316684751988772
2020-10-08,0.02572,0.025508773707950638
2020-10-09,0.02627,0.02619705779989661
2020-10-10,0.02644,0.027096027950620914
2020-10-11,0.02656,0.026512756259584363
2020-10-12,0.02709,0.02693789412347797
2020-10-13,0.0268,0.026930806540211478
2020-10-14,0.02676,0.026780968788137485
2020-10-15,0.02652,0.02653386016808031
2020-10-16,0.02572,0.02592640370466515
2020-10-17,0.02574,0.025877246905519763
2020-10-18,0.02594,0.026018157683812642
2020-10-19,0.02589,0.02596024333714366
2020-10-20,0.02592,0.02760449185023264
2020-10-21,0.02667,0.027013824644316946
2020-10-22,0.02708,0.027278559363295974
2020-10-23,0.02669,0.02660151632826475
2020-10-24,0.02706,0.02707897361579045
2020-10-25,0.02699,0.026973772643702352
2020-10-26,0.02675,0.026945540346429334
2020-10-27,0.02701,0.02707217869520114
2020-10-28,0.02688,0.026981934747814785
2020-10-29,0.02655,0.02685932626513225
2020-10-30,0.0256,0.02574424938052244
2020-10-31,0.02576,0.026271172884922193
2020-11-01,0.02574,0.025691515214703062
2020-11-02,0.02445,0.024910827058043417
2020-11-03,0.02442,0.023507820202519555
2020-11-04,0.0242,0.023954674598336077
2020-11-05,0.02493,0.024700116948805986
2020-11-06,0.02616,0.02577344781808501
2020-11-07,0.02486,0.02532291682770106
2020-11-08,0.02535,0.025254885394306755
2020-11-09,0.02479,0.02509454563113796
2020-11-10,0.02483,0.025069628108835486
2020-11-11,0.02498,0.025215788841377724
2020-11-12,0.0249,0.02504625345027688
2020-11-13,0.0254,0.02526282418417743
2020-11-14,0.02513,0.025198483319685713
2020-11-15,0.02533,0.025496529431638586
2020-11-16,0.02549,0.02555662570580718
2020-11-17,0.02649,0.026279371738935922
2020-11-18,0.02678,0.025216799547698367
2020-11-19,0.02581,0.02590304226627093
2020-11-20,0.02629,0.026341281537837546
2020-11-21,0.03057,0.029037323699148354
2020-11-22,0.02875,0.028381575659460003
2020-11-23,0.03174,0.03047514538434536
2020-11-24,0.03523,0.03628685883517631
2020-11-25,0.03304,0.03410680188237715
2020-11-26,0.02942,0.029355693315944956
2020-11-27,0.02938,0.02899838320272957
2020-11-28,0.03047,0.030128144210765154
2020-11-29,0.03072,0.03042320662606557
2020-11-30,0.03236,0.03198719693867044
2020-12-01,0.03024,0.03135458774726464
2020-12-02,0.03118,0.030667472348937238
2020-12-03,0.03166,0.03148973379323165
2020-12-04,0.02947,0.02990768902850661
2020-12-05,0.03056,0.03010497076900241
2020-12-06,0.03091,0.030598702528135884
2020-12-07,0.03029,0.030345800295806347
2020-12-08,0.0279,0.02836597713919998
2020-12-09,0.0287,0.02795227058103156
2020-12-10,0.02811,0.028193275363091918
2020-12-11,0.02778,0.027770198250941472
2020-12-12,0.02855,0.028446502569359187
2020-12-13,0.02921,0.029304055734299724
2020-12-14,0.0291,0.028913514303267582
2020-12-15,0.02918,0.029180730057902372
2020-12-16,0.03145,0.030422352987658854
2020-12-17,0.03072,0.031181342025859978
2020-12-18,0.03109,0.030857331647620615
2020-12-19,0.03124,0.03161153621770346
2020-12-20,0.03122,0.03170385647304204
2020-12-21,0.02926,0.030160723512228045
2020-12-22,0.02885,0.028476065820976223
2020-12-23,0.0248,0.02527453734451063
2020-12-24,0.02769,0.02623224600359143
2020-12-25,0.02854,0.028487718338347092
2020-12-26,0.0278,0.027750773800464184
2020-12-27,0.02889,0.029123306109644368
2020-12-28,0.02959,0.029743534993118378
2020-12-29,0.02767,0.02784033405642352
2020-12-30,0.02695,0.026901952550714255
2020-12-31,0.02677,0.026374218220256578
2021-01-01,0.02685,0.027035392169796474
2021-01-02,0.02721,0.027381416181276683
2021-01-03,0.02949,0.028581188908446003
2021-01-04,0.03095,0.029309192191231712
2021-01-05,0.02852,0.028296152792402496
2021-01-06,0.03046,0.02959529661609077
2021-01-07,0.03095,0.03204908521467338
2021-01-08,0.0304,0.029588326577935756
2021-01-09,0.03382,0.033122180411367066
2021-01-10,0.03275,0.033761191571639856
2021-01-11,0.02897,0.02863183128615464
2021-01-12,0.02865,0.029181714186203526
2021-01-13,0.03079,0.02951871591392775
2021-01-14,0.03014,0.03033932872534802
2021-01-15,0.02972,0.029737624781421043
2021-01-16,0.03008,0.030645562382230578
2021-01-17,0.0302,0.029941203357840934
2021-01-18,0.03164,0.0312264487306177
2021-01-19,0.03063,0.031562033346685975
2021-01-20,0.03046,0.03015847414737335
2021-01-21,0.02762,0.028514356740658855
2021-01-22,0.02857,0.027643575224930137
2021-01-23,0.02925,0.028886222322435404
2021-01-24,0.02999,0.030094639861796883
2021-01-25,0.02949,0.031397620150908356
2021-01-26,0.02949,0.029137261484930548
2021-01-27,0.02823,0.028186628250103565
2021-01-28,0.02955,0.029192298382866678
2021-01-29,0.03335,0.03878174919659942
2021-01-30,0.03216,0.031644997892013665
2021-01-31,0.03154,0.03307672663522572
2021-02-01,0.03295,0.03353934612079293
2021-02-02,0.03317,0.032777271672418354
2021-02-03,0.03452,0.03463970437236247
2021-02-04,0.0331,0.033048388090033104
2021-02-05,0.03624,0.035394082669652854
2021-02-06,0.03507,0.034539084644758564
2021-02-07,0.03597,0.03590573127930502
2021-02-08,0.04042,0.0392981826952572
2021-02-09,0.04608,0.04715905076953045
2021-02-10,0.04629,0.045277521150647884
2021-02-11,0.05681,0.053190895320543705
2021-02-12,0.05515,0.053984490598605175
2021-02-13,0.05995,0.056611669402529374
2021-02-14,0.05519,0.05481714031133626
2021-02-15,0.05079,0.04874261563276659
2021-02-16,0.05202,0.052691017278126945
2021-02-17,0.05256,0.05114714755371265
2021-02-18,0.05492,0.05451591308587024
2021-02-19,0.06073,0.06059907666784445
2021-02-20,0.05773,0.05881678106460153
2021-02-21,0.05935,0.05938907448975768
2021-02-22,0.05425,0.05117677426312603
2021-02-23,0.04501,0.04277933628074729
2021-02-24,0.048,0.0471491594588901
2021-02-25,0.0452,0.047315546728376776
2021-02-26,0.04517,0.0443845323215538
2021-02-27,0.04652,0.047473346141645445
2021-02-28,0.04562,0.044400921481506206
2021-03-01,0.04784,0.04703713674285245
2021-03-02,0.04687,0.04705870913193706
2021-03-03,0.04883,0.04866306272014054
2021-03-04,0.05142,0.05168290005666752
2021-03-05,0.05019,0.04961145000953472
2021-03-06,0.05015,0.04974826305941893
2021-03-07,0.05173,0.051439671530193284
2021-03-08,0.05307,0.051923922252192264
2021-03-09,0.0532,0.05300454377878899
2021-03-10,0.05142,0.051606139744473034
2021-03-11,0.05151,0.05074856233755767
2021-03-12,0.04997,0.04986389520805036
2021-03-13,0.05291,0.052096920375447484
2021-03-14,0.05105,0.05243733661486573
2021-03-15,0.05069,0.05000514418044537
2021-03-16,0.05237,0.051354584946157564
2021-03-17,0.05483,0.054635860892824836
2021-03-18,0.05329,0.05406475114294912
2021-03-19,0.05862,0.05671423685927142
2021-03-20,0.0609,0.06518271941837545
2021-03-21,0.06337,0.06192190992836294
2021-03-22,0.05927,0.06222635090529091
2021-03-23,0.05852,0.05988803238613001
2021-03-24,0.05568,0.05816949081775988
2021-03-25,0.05528,0.05429307680808729
2021-03-26,0.06464,0.0625596360725324
2021-03-27,0.0636,0.06557851269095295
2021-03-28,0.06362,0.063473809206332
2021-03-29,0.06475,0.065209869588337
2021-03-30,0.06598,0.06608636644868829
2021-03-31,0.09296,0.08587423128178373
2021-04-01,0.08543,0.08681015873321613
2021-04-02,0.09232,0.08977272177193103
2021-04-03,0.10143,0.10153370950107268
2021-04-04,0.12761,0.11791268203669497
2021-04-05,0.13655,0.14086840473132164
2021-04-06,0.12401,0.12016369915539518
2021-04-07,0.11045,0.11095663629426653
2021-04-08,0.12349,0.1206938368114775
2021-04-09,0.11584,0.11879707996190902
2021-04-10,0.1263,0.12162417513665182
2021-04-11,0.12214,0.12150514417648252
2021-04-12,0.12874,0.13228990742302343
2021-04-13,0.14622,0.14594443870119964
2021-04-14,0.1404,0.14398137477149306
2021-04-15,0.16421,0.15620042826290553
2021-04-16,0.16091,0.15254896826599512
2021-04-17,0.15535,0.16822840108538697
2021-04-18,0.14302,0.13294275101854972
2021-04-19,0.12993,0.13735859086745889
2021-04-20,0.13279,0.12441588268496026
2021-04-21,0.12273,0.12689672200405458
2021-04-22,0.11001,0.11787264056565053
2021-04-23,0.10915,0.09776475688271222
2021-04-24,0.10249,0.10807519175644144
2021-04-25,0.10176,0.10359409976142601
2021-04-26,0.11732,0.11117535304284247
2021-04-27,0.12594,0.12419014309014471
2021-04-28,0.12266,0.12215586713832984
2021-04-29,0.12123,0.12163735235638774
2021-04-30,0.13223,0.1278824691663775
2021-05-01,0.13112,0.13060155534696472
2021-05-02,0.12759,0.1284600465331165
2021-05-03,0.13159,0.13420160610658813
2021-05-04,0.11917,0.12267660168886524
2021-05-05,0.14654,0.13619592021722338
2021-05-06,0.15216,0.14823286175279088
2021-05-07,0.14763,0.1552867780546981
2021-05-08,0.14301,0.14754373900002304
2021-05-09,0.14295,0.14006548506751104
2021-05-10,0.12716,0.13041234977516464
2021-05-11,0.13893,0.13153992088746974
2021-05-12,0.11918,0.12947129299509705
2021-05-13,0.12159,0.11583120309546889
2021-05-14,0.12473,0.12510087150358584
2021-05-15,0.12059,0.12233463572307501
2021-05-16,0.11964,0.1230430307339034
2021-05-17,0.11279,0.11255377984447709
2021-05-18,0.11627,0.11740068998848353
2021-05-19,0.07881,0.07825170121953534
2021-05-20,0.08928,0.08440561961417911
2021-05-21,0.0779,0.07892709427978406
2021-05-22,0.07534,0.07425750961069151
2021-05-23,0.06285,0.06233067394976764
2021-05-24,0.07696,0.0713368214746612
2021-05-25,0.07714,0.07599295694430522
2021-05-26,0.08312,0.08135845516664841
2021-05-27,0.07949,0.07896386688841675
2021-05-28,0.07204,0.07359554749519465
2021-05-29,0.06877,0.07042556792600241
2021-05-30,0.07196,0.07040834169117904
2021-05-31,0.07679,0.07399094453587744
2021-06-01,0.07614,0.07542314126899666
2021-06-02,0.07804,0.07770371942185204
2021-06-03,0.08223,0.0807372066876801
2021-06-04,0.07714,0.07700406877657752
2021-06-05,0.07552,0.07718968369616083
2021-06-06,0.07745,0.07721116336447115
2021-06-07,0.0717,0.07404248556269553
2021-06-08,0.07242,0.06991098974113062
2021-06-09,0.07536,0.07304895601748478
2021-06-10,0.07257,0.07407375487005805
2021-06-11,0.06919,0.07057816763046883
2021-06-12,0.06804,0.06716852329046534
2021-06-13,0.07153,0.06987221316084352
2021-06-14,0.07203,0.0717284401177541
2021-06-15,0.07174,0.07238867809373606
2021-06-16,0.06895,0.07052618540142735
2021-06-17,0.0739,0.07244006871341922
2021-06-18,0.06962,0.070761397474969
2021-06-19,0.06827,0.0694600277401124
2021-06-20,0.06768,0.06530392226621748
2021-06-21,0.05351,0.05772535687099764
2021-06-22,0.05103,0.050369197291171175
2021-06-23,0.05797,0.055709067488316805
2021-06-24,0.06611,0.06450032444019244
2021-06-25,0.06139,0.06384157174360798
2021-06-26,0.06274,0.060997658237385316
2021-06-27,0.06479,0.06330661400948712
2021-06-28,0.06532,0.06601375079857771
2021-06-29,0.06793,0.0684922338505618
2021-06-30,0.06828,0.06590790755705324
2021-07-01,0.06471,0.06542916092868989
2021-07-02,0.06657,0.06532535211404498
2021-07-03,0.06683,0.06660983237181234
2021-07-04,0.06736,0.06700206194662889
2021-07-05,0.06448,0.06518534980782957
2021-07-06,0.06494,0.06575313490594174
2021-07-07,0.06433,0.06553966684609613
2021-07-08,0.06106,0.06183601465090606
2021-07-09,0.06219,0.061026087600087056
2021-07-10,0.06142,0.06199702961125182
2021-07-11,0.06184,0.06199574227725238
2021-07-12,0.06004,0.06122104097613312
2021-07-13,0.05937,0.059869209579202096
2021-07-14,0.05989,0.05847565669618873
2021-07-15,0.05784,0.05873474518553204
2021-07-16,0.05562,0.05718319173409432
2021-07-17,0.05597,0.056042659306642206
2021-07-18,0.05592,0.0568052947307463
2021-07-19,0.05345,0.054624052636258025
2021-07-20,0.05045,0.051117361837782496
2021-07-21,0.05388,0.05323142867673575
2021-07-22,0.05526,0.05450119445282997
2021-07-23,0.056,0.055136961768441545
2021-07-24,0.05727,0.05744513086070238
2021-07-25,0.05791,0.057104266261343864
2021-07-26,0.05842,0.061576386008386164
2021-07-27,0.06019,0.05921655750460046
2021-07-28,0.0607,0.061312519526444245
2021-07-29,0.06185,0.06140912751366119
2021-07-30,0.06325,0.06165877586713843
2021-07-31,0.06396,0.06394804450130163
2021-08-01,0.0632,0.06502806023298181
2021-08-02,0.06463,0.06444040712389877
2021-08-03,0.06403,0.06432290345311577
2021-08-04,0.06737,0.06658950861381269
2021-08-05,0.07013,0.06957604305161584
2021-08-06,0.07196,0.0718669759167951
2021-08-07,0.07527,0.07524812331905104
2021-08-08,0.07192,0.07300526669976443
2021-08-09,0.07395,0.0726107941636393
2021-08-10,0.07464,0.07429136032662065
2021-08-11,0.08341,0.08217099933856795
2021-08-12,0.08415,0.08697815787534227
2021-08-13,0.08951,0.08772676675632528
2021-08-14,0.09264,0.09052354430931182
2021-08-15,0.09295,0.09241978894873823
2021-08-16,0.08936,0.0924781201401906
2021-08-17,0.08509,0.08842519465070679
2021-08-18,0.08456,0.08433499701714674
2021-08-19,0.08825,0.08547310841319983
2021-08-20,0.09059,0.08916657110523925
2021-08-21,0.08799,0.0892200264665577
2021-08-22,0.08795,0.08845595666691614
2021-08-23,0.08987,0.09069591926204199
2021-08-24,0.08457,0.08679054133455957
2021-08-25,0.08758,0.08600681566679558
2021-08-26,0.08303,0.08460615232919172
2021-08-27,0.08828,0.08586659196931092
2021-08-28,0.08829,0.08792235030695342
2021-08-29,0.08847,0.08923508067038183
2021-08-30,0.08616,0.08738890717311003
2021-08-31,0.08875,0.08898501471013524
2021-09-01,0.095,0.09244712423260071
2021-09-02,0.09953,0.0997127638394317
2021-09-03,0.10161,0.10290469996790724
2021-09-04,0.10146,0.10190131690340179
2021-09-05,0.10519,0.10431585050267544
2021-09-06,0.10381,0.10425481294667219
2021-09-07,0.08539,0.08615200724366337
2021-09-08,0.09272,0.09178616773826295
2021-09-09,0.09303,0.09280011611392268
2021-09-10,0.09075,0.09051430036923852
2021-09-11,0.09555,0.09515972985154167
2021-09-12,0.11241,0.10924826631612661
2021-09-13,0.10462,0.10590484392694273
2021-09-14,0.11822,0.11489750554475814
2021-09-15,0.12069,0.11856982387014603
2021-09-16,0.11594,0.11642048941483076
2021-09-17,0.10545,0.11041315584717093
2021-09-18,0.10586,0.10713020886849965
2021-09-19,0.10369,0.10522841773616098
2021-09-20,0.0914,0.09370254461450381
2021-09-21,0.08826,0.09120856421283297
2021-09-22,0.09876,0.09436903004026534
2021-09-23,0.09923,0.09882419617274302
2021-09-24,0.09226,0.09034203059138407
2021-09-25,0.09055,0.09172834314387439
2021-09-26,0.08769,0.0860434157039103
2021-09-27,0.08599,0.08885926665391358
2021-09-28,0.08305,0.08516107360329657
2021-09-29,0.08581,0.08645223358447857
2021-09-30,0.08943,0.08869415301947263
2021-10-01,0.09481,0.09285946036744766
2021-10-02,0.09338,0.09446781206124276
2021-10-03,0.09494,0.09564756566840174
2021-10-04,0.09351,0.09210553607791411
2021-10-05,0.09618,0.09695540579458158
2021-10-06,0.09549,0.09378388404228391
2021-10-07,0.09547,0.09650525150969849
2021-10-08,0.09771,0.09855960578811802
2021-10-09,0.10306,0.10293477381211596
2021-10-10,0.09747,0.09959364697918341
2021-10-11,0.09707,0.09877675362850437
2021-10-12,0.09549,0.09371422387510739
2021-10-13,0.09793,0.09631236518129169
2021-10-14,0.09729,0.09866896924882661
2021-10-15,0.09861,0.10065578845113729
2021-10-16,0.09871,0.10050847787854705
2021-10-17,0.0987,0.09984080448592905
2021-10-18,0.0981,0.09867579872096326
2021-10-19,0.10055,0.1005089350081188
2021-10-20,0.10324,0.10456962852468263
2021-10-21,0.09958,0.10297922463234928
2021-10-22,0.09982,0.10137946500777953
2021-10-23,0.10066,0.10077699370855633
2021-10-24,0.09913,0.09942204573928573
2021-10-25,0.10074,0.10107960284353323
2021-10-26,0.10112,0.10429019455103308
2021-10-27,0.09064,0.09352786260648134
2021-10-28,0.09527,0.09485781590859156
2021-10-29,0.0996,0.09832212205294488
2021-10-30,0.10111,0.10226238037049284
2021-10-31,0.10152,0.10009954632885304
2021-11-01,0.10048,0.10004101644816521
2021-11-02,0.10748,0.10708922354142969
2021-11-03,0.10587,0.10545829948520741
2021-11-04,0.10329,0.10441935615355491
2021-11-05,0.10346,0.10509418180578553
2021-11-06,0.10252,0.10187204930891952
2021-11-07,0.1045,0.10447242222539549
2021-11-08,0.10993,0.10879774422491088
2021-11-09,0.11436,0.11323283717384737
2021-11-10,0.10662,0.10871637071248061
2021-11-11,0.10893,0.10862342726439146
2021-11-12,0.10796,0.10794733589681796
2021-11-13,0.11255,0.11238098866092543
2021-11-14,0.117,0.11507263215845676
2021-11-15,0.1238,0.12477719780329187
2021-11-16,0.10934,0.11114138538483098
2021-11-17,0.11119,0.11122034359910325
2021-11-18,0.10038,0.10425193638198565
2021-11-19,0.10387,0.1026680524038514
2021-11-20,0.10519,0.10408141779385982
2021-11-21,0.10643,0.10866799222220652
2021-11-22,0.10182,0.10381626788802187
2021-11-23,0.10283,0.10310976847358844
2021-11-24,0.09785,0.09934681617783228
2021-11-25,0.10019,0.10024069894982877
2021-11-26,0.09229,0.09434980662540154
2021-11-27,0.09335,0.09466464774780226
2021-11-28,0.09518,0.09241387611372262
2021-11-29,0.09655,0.09659273455395195
2021-11-30,0.09652,0.09825875424111888
2021-12-01,0.09688,0.0993512734095005
2021-12-02,0.0975,0.09713772920388318
2021-12-03,0.09388,0.09795179981370156
2021-12-04,0.08696,0.07923038651193344
2021-12-05,0.08432,0.08456922233906898
2021-12-06,0.08729,0.08303316832958073
2021-12-07,0.08999,0.09089642198776718
2021-12-08,0.09237,0.09284980278827164
2021-12-09,0.08861,0.09092114061742627
2021-12-10,0.08771,0.09141553708454064
2021-12-11,0.0916,0.0901407526300745
2021-12-12,0.09101,0.09149728292017423
2021-12-13,0.08497,0.08675329132986205
2021-12-14,0.08707,0.08645289874746445
2021-12-15,0.08754,0.08578034384529652
2021-12-16,0.08533,0.08689063157780655
2021-12-17,0.07951,0.08128912123641044
2021-12-18,0.08042,0.08125953026957168
2021-12-19,0.07944,0.08116264064148798
2021-12-20,0.07759,0.07711622336879077
2021-12-21,0.07884,0.07883784795746467
2021-12-22,0.07913,0.0800795961185869
2021-12-23,0.08274,0.08121033065807749
2021-12-24,0.08085,0.08190051083146416
2021-12-25,0.08153,0.08182230446350887
2021-12-26,0.08149,0.08107804101265699
2021-12-27,0.08114,0.08252322929866898
2021-12-28,0.07713,0.07860482867583501
2021-12-29,0.0765,0.07880047444096602
2021-12-30,0.07782,0.07778140251748078
2021-12-31,0.07539,0.07626674778634963
2022-01-01,0.0766,0.07680465085904525
2022-01-02,0.07762,0.07785653356327873
2022-01-03,0.07705,0.0776308822189972
2022-01-04,0.07592,0.07736487118782917
2022-01-05,0.07112,0.07240887651679694
2022-01-06,0.07106,0.07052819761539585
2022-01-07,0.0682,0.06832760929614722
2022-01-08,0.06539,0.06623518717883821
2022-01-09,0.06611,0.06669204422619135
2022-01-10,0.06342,0.06341002211010488
2022-01-11,0.06493,0.06491833237129094
2022-01-12,0.06806,0.06754812841022206
2022-01-13,0.0662,0.06732356504039944
2022-01-14,0.06765,0.067906071436803
2022-01-15,0.06842,0.06875660011294923
2022-01-16,0.06988,0.07010001316378546
2022-01-17,0.07085,0.07129737219689625
2022-01-18,0.06846,0.06920287504652797
2022-01-19,0.06915,0.06799771157753451
2022-01-20,0.06773,0.07024073413012438
2022-01-21,0.06103,0.06285829051729558
2022-01-22,0.0568,0.055863199003117175
2022-01-23,0.05752,0.05723258636224614
2022-01-24,0.05506,0.05312728879410614
2022-01-25,0.05588,0.055587025032407616
2022-01-26,0.0562,0.05786394840086785
2022-01-27,0.05649,0.0558951294794965
2022-01-28,0.05757,0.05713408228169635
2022-01-29,0.06034,0.05941692506834187
2022-01-30,0.05863,0.05933708800169901
2022-01-31,0.05906,0.05807051772400708
2022-02-01,0.05979,0.060061675102974124
2022-02-02,0.05847,0.06032326443130727
2022-02-03,0.05981,0.05962929201742988
2022-02-04,0.06441,0.06308697497345538
2022-02-05,0.06467,0.06538391411447761
2022-02-06,0.06617,0.06596445983696007
2022-02-07,0.06852,0.06796308703860465
2022-02-08,0.06806,0.06883413468092393
2022-02-09,0.06991,0.06929936062502837
2022-02-10,0.0685,0.07040752407854353
2022-02-11,0.06399,0.0652239462273223
2022-02-12,0.06352,0.06379950711187574
2022-02-13,0.06427,0.06468812192190396
2022-02-14,0.06442,0.06475844753933997
2022-02-15,0.06685,0.06649774303830755
2022-02-16,0.0664,0.0664213249338916
2022-02-17,0.06249,0.06413553906866544
2022-02-18,0.06306,0.06367861632322917
2022-02-19,0.06348,0.06424559411046318
2022-02-20,0.06199,0.06219991118032245
2022-02-21,0.05954,0.06150839889568219
2022-02-22,0.06265,0.061671041295209866
2022-02-23,0.06081,0.062453060543904246
2022-02-24,0.0611,0.05847651777958594
2022-02-25,0.05943,0.05838973226340392
2022-02-26,0.05961,0.060708076872588126
2022-02-27,0.05807,0.059125737109141235
2022-02-28,0.06176,0.060953807766101084
2022-03-01,0.06219,0.06234543443098284
2022-03-02,0.06153,0.062080186262645276
2022-03-03,0.05995,0.06026578353489026
2022-03-04,0.05829,0.05874179544435004
2022-03-05,0.06037,0.05993049106077698
2022-03-06,0.05889,0.05989808346779127
2022-03-07,0.05859,0.05961150793902528
2022-03-08,0.06054,0.06050689404414804
2022-03-09,0.0608,0.06216484211550519
2022-03-10,0.05989,0.059100741881844
2022-03-11,0.06022,0.06028579927741157
2022-03-12,0.05967,0.060508248145197494
2022-03-13,0.05931,0.05994766427725208
2022-03-14,0.06007,0.06015826128001879
2022-03-15,0.0605,0.060518297369603416
2022-03-16,0.06107,0.06080024501937571
2022-03-17,0.06071,0.061192725302264495
2022-03-18,0.06162,0.061379204778491916
2022-03-19,0.06191,0.06215015154660043
2022-03-20,0.06156,0.061927473110609504
2022-03-21,0.06177,0.06162321267750734
2022-03-22,0.06344,0.06347969789513065
2022-03-23,0.06431,0.06463442390990684
2022-03-24,0.06564,0.0654157106540181
2022-03-25,0.06437,0.0654466324033925
2022-03-26,0.06632,0.06571862762484978
2022-03-27,0.06899,0.06849991047369336
2022-03-28,0.0691,0.07103967470808657
2022-03-29,0.06936,0.07116882258161399
2022-03-30,0.07334,0.07165010507930385
2022-03-31,0.07388,0.07774094141623906
2022-04-01,0.07494,0.0717602467675362
2022-04-02,0.07322,0.07488188854839187
2022-04-03,0.07312,0.07326883441057182
2022-04-04,0.07245,0.07305529041912112
